,Quality,UMI per cell,Replicate,Fraction,Cell number,Method,Spatial neighborhood MI
0,Q0.001,0.41324604859636704,rep0,0.001,50,VAE,-0.015228823191608358
1,Q0.001,0.41324604859636704,rep0,0.001,50,PCA,0.00368572285296481
2,Q0.001,0.41324604859636704,rep0,0.001,50,RandomProjection,0.0175806574803278
3,Q0.001,0.41324604859636704,rep0,0.001,50,nanoTxformer,0.00896453528850852
4,Q0.001,0.41324604859636704,rep0,0.002,101,VAE,-0.002266591644293013
5,Q0.001,0.41324604859636704,rep0,0.002,101,PCA,-0.016843642687884554
6,Q0.001,0.41324604859636704,rep0,0.002,101,RandomProjection,-0.008267922425043891
7,Q0.001,0.41324604859636704,rep0,0.005,254,VAE,-0.0002992568226465764
8,Q0.001,0.41324604859636704,rep0,0.005,254,PCA,-0.02223208397453127
9,Q0.001,0.41324604859636704,rep0,0.005,254,RandomProjection,0.008983878840131335
10,Q0.001,0.41324604859636704,rep0,0.01,508,VAE,0.03638272405632795
11,Q0.001,0.41324604859636704,rep0,0.01,508,PCA,-0.02318755846432501
12,Q0.001,0.41324604859636704,rep0,0.01,508,RandomProjection,0.007911813565462196
13,Q0.001,0.41324604859636704,rep0,0.01,508,nanoTxformer,0.01844247867733753
14,Q0.001,0.41324604859636704,rep0,0.022,1119,VAE,0.018343671901072958
15,Q0.001,0.41324604859636704,rep0,0.022,1119,PCA,0.007817618810254324
16,Q0.001,0.41324604859636704,rep0,0.022,1119,RandomProjection,-0.011558919417648469
17,Q0.001,0.41324604859636704,rep0,0.046,2339,VAE,0.0013570918854145587
18,Q0.001,0.41324604859636704,rep0,0.046,2339,PCA,0.03674728364195336
19,Q0.001,0.41324604859636704,rep0,0.046,2339,RandomProjection,0.026711939365237535
20,Q0.001,0.41324604859636704,rep0,0.1,5086,VAE,0.00993685708508481
21,Q0.001,0.41324604859636704,rep0,0.1,5086,PCA,-0.03795792359177145
22,Q0.001,0.41324604859636704,rep0,0.1,5086,RandomProjection,-0.013170448791910339
23,Q0.001,0.41324604859636704,rep0,0.1,5086,nanoTxformer,-0.03319181880903007
24,Q0.001,0.41324604859636704,rep0,0.215,10936,VAE,-0.009582287119500692
25,Q0.001,0.41324604859636704,rep0,0.215,10936,PCA,-0.0052349498619163855
26,Q0.001,0.41324604859636704,rep0,0.215,10936,RandomProjection,0.0010722346357315091
27,Q0.001,0.41324604859636704,rep0,0.464,23602,VAE,0.028851036831297045
28,Q0.001,0.41324604859636704,rep0,0.464,23602,PCA,-0.005461346719347819
29,Q0.001,0.41324604859636704,rep0,0.464,23602,RandomProjection,-0.007178174397065971
30,Q0.001,0.41324604859636704,rep0,1.0,50868,VAE,-0.00534785899253193
31,Q0.001,0.41324604859636704,rep0,1.0,50868,PCA,-0.02323073509145811
32,Q0.001,0.41324604859636704,rep0,1.0,50868,RandomProjection,0.010833395812309349
33,Q0.001,0.41324604859636704,rep0,1.0,50868,nanoTxformer,0.02431276462732221
34,Q0.002,0.8994456239679169,rep0,0.001,50,VAE,-0.00268643695783789
35,Q0.002,0.8994456239679169,rep0,0.001,50,PCA,0.030000051175166208
36,Q0.002,0.8994456239679169,rep0,0.001,50,RandomProjection,-0.0017954284448707157
37,Q0.002,0.8994456239679169,rep0,0.001,50,nanoTxformer,-0.006869848322364945
38,Q0.002,0.8994456239679169,rep0,0.002,101,VAE,0.016642118064748083
39,Q0.002,0.8994456239679169,rep0,0.002,101,PCA,0.0014310908207165636
40,Q0.002,0.8994456239679169,rep0,0.002,101,RandomProjection,0.028568194006235583
41,Q0.002,0.8994456239679169,rep0,0.005,254,VAE,-0.011663023098911676
42,Q0.002,0.8994456239679169,rep0,0.005,254,PCA,0.024645898086428437
43,Q0.002,0.8994456239679169,rep0,0.005,254,RandomProjection,0.008764830179780022
44,Q0.002,0.8994456239679169,rep0,0.01,508,VAE,-0.0010925661493307736
45,Q0.002,0.8994456239679169,rep0,0.01,508,PCA,0.007801125449141092
46,Q0.002,0.8994456239679169,rep0,0.01,508,RandomProjection,0.010899243124409975
47,Q0.002,0.8994456239679169,rep0,0.01,508,nanoTxformer,-0.0024377664956477707
48,Q0.002,0.8994456239679169,rep0,0.022,1119,VAE,0.0011042413841052849
49,Q0.002,0.8994456239679169,rep0,0.022,1119,PCA,-0.004486859907270796
50,Q0.002,0.8994456239679169,rep0,0.022,1119,RandomProjection,-0.02196110852119587
51,Q0.002,0.8994456239679169,rep0,0.046,2339,VAE,-0.0038862656976098634
52,Q0.002,0.8994456239679169,rep0,0.046,2339,PCA,0.004509261525357722
53,Q0.002,0.8994456239679169,rep0,0.046,2339,RandomProjection,0.003873256336795199
54,Q0.002,0.8994456239679169,rep0,0.1,5086,VAE,-0.0025264586582241827
55,Q0.002,0.8994456239679169,rep0,0.1,5086,PCA,-0.0094866490858386
56,Q0.002,0.8994456239679169,rep0,0.1,5086,RandomProjection,0.005805189021890753
57,Q0.002,0.8994456239679169,rep0,0.1,5086,nanoTxformer,0.010056876787149447
58,Q0.002,0.8994456239679169,rep0,0.215,10936,VAE,0.009229383068761313
59,Q0.002,0.8994456239679169,rep0,0.215,10936,PCA,-0.008170487121025582
60,Q0.002,0.8994456239679169,rep0,0.215,10936,RandomProjection,0.01626750516836529
61,Q0.002,0.8994456239679169,rep0,0.464,23602,VAE,0.03471731719657896
62,Q0.002,0.8994456239679169,rep0,0.464,23602,PCA,-0.012593127810862751
63,Q0.002,0.8994456239679169,rep0,0.464,23602,RandomProjection,0.0069197672978164254
64,Q0.002,0.8994456239679169,rep0,1.0,50868,VAE,0.010051629174534941
65,Q0.002,0.8994456239679169,rep0,1.0,50868,PCA,0.009116604685442667
66,Q0.002,0.8994456239679169,rep0,1.0,50868,RandomProjection,0.005306602982934242
67,Q0.002,0.8994456239679169,rep0,1.0,50868,nanoTxformer,0.00242568323377464
68,Q0.005,1.9262208067940552,rep0,0.001,50,VAE,0.022095148245746803
69,Q0.005,1.9262208067940552,rep0,0.001,50,PCA,0.020204059819405158
70,Q0.005,1.9262208067940552,rep0,0.001,50,RandomProjection,0.008575336493330976
71,Q0.005,1.9262208067940552,rep0,0.001,50,nanoTxformer,-0.005766271313965783
72,Q0.005,1.9262208067940552,rep0,0.002,101,VAE,0.055744415530468786
73,Q0.005,1.9262208067940552,rep0,0.002,101,PCA,0.018090485938705693
74,Q0.005,1.9262208067940552,rep0,0.002,101,RandomProjection,0.0341241488091404
75,Q0.005,1.9262208067940552,rep0,0.005,254,VAE,0.026080257605708517
76,Q0.005,1.9262208067940552,rep0,0.005,254,PCA,0.02982622228142528
77,Q0.005,1.9262208067940552,rep0,0.005,254,RandomProjection,0.0288658711447858
78,Q0.005,1.9262208067940552,rep0,0.01,508,VAE,0.02867523926587818
79,Q0.005,1.9262208067940552,rep0,0.01,508,PCA,0.03820872725470935
80,Q0.005,1.9262208067940552,rep0,0.01,508,RandomProjection,0.024263935136464885
81,Q0.005,1.9262208067940552,rep0,0.01,508,nanoTxformer,0.03764361506743877
82,Q0.005,1.9262208067940552,rep0,0.022,1119,VAE,0.014451231376466183
83,Q0.005,1.9262208067940552,rep0,0.022,1119,PCA,0.02580742360107144
84,Q0.005,1.9262208067940552,rep0,0.022,1119,RandomProjection,0.02102899304433961
85,Q0.005,1.9262208067940552,rep0,0.046,2339,VAE,0.03182896393906423
86,Q0.005,1.9262208067940552,rep0,0.046,2339,PCA,0.04612350235552007
87,Q0.005,1.9262208067940552,rep0,0.046,2339,RandomProjection,0.016615749209543968
88,Q0.005,1.9262208067940552,rep0,0.1,5086,VAE,0.026889254012316708
89,Q0.005,1.9262208067940552,rep0,0.1,5086,PCA,0.048574574366345845
90,Q0.005,1.9262208067940552,rep0,0.1,5086,RandomProjection,0.026330672694352863
91,Q0.005,1.9262208067940552,rep0,0.1,5086,nanoTxformer,0.0038661139990930635
92,Q0.005,1.9262208067940552,rep0,0.215,10936,VAE,0.025902579086012786
93,Q0.005,1.9262208067940552,rep0,0.215,10936,PCA,0.018216034460972974
94,Q0.005,1.9262208067940552,rep0,0.215,10936,RandomProjection,0.026677216126167635
95,Q0.005,1.9262208067940552,rep0,0.464,23602,VAE,0.0328471014234115
96,Q0.005,1.9262208067940552,rep0,0.464,23602,PCA,0.015516411872905827
97,Q0.005,1.9262208067940552,rep0,0.464,23602,RandomProjection,0.027503351516603974
98,Q0.005,1.9262208067940552,rep0,1.0,50868,VAE,0.04961775253665613
99,Q0.005,1.9262208067940552,rep0,1.0,50868,PCA,0.0322563774601339
100,Q0.005,1.9262208067940552,rep0,1.0,50868,RandomProjection,0.01726804767008293
101,Q0.005,1.9262208067940552,rep0,1.0,50868,nanoTxformer,0.023324647121237687
102,Q0.010,4.1579381929700405,rep0,0.001,50,VAE,0.04774868543681204
103,Q0.010,4.1579381929700405,rep0,0.001,50,PCA,0.03756206117613162
104,Q0.010,4.1579381929700405,rep0,0.001,50,RandomProjection,0.03951411605736701
105,Q0.010,4.1579381929700405,rep0,0.001,50,nanoTxformer,0.03209207966932823
106,Q0.010,4.1579381929700405,rep0,0.002,101,VAE,0.04780984415232515
107,Q0.010,4.1579381929700405,rep0,0.002,101,PCA,0.0975529590090601
108,Q0.010,4.1579381929700405,rep0,0.002,101,RandomProjection,0.01799229282592179
109,Q0.010,4.1579381929700405,rep0,0.005,254,VAE,0.05530209352024345
110,Q0.010,4.1579381929700405,rep0,0.005,254,PCA,0.03922630713666914
111,Q0.010,4.1579381929700405,rep0,0.005,254,RandomProjection,0.01602470164653328
112,Q0.010,4.1579381929700405,rep0,0.01,508,VAE,0.07178022628675776
113,Q0.010,4.1579381929700405,rep0,0.01,508,PCA,0.08885306978226787
114,Q0.010,4.1579381929700405,rep0,0.01,508,RandomProjection,0.03178262932457478
115,Q0.010,4.1579381929700405,rep0,0.01,508,nanoTxformer,0.04280594185531796
116,Q0.010,4.1579381929700405,rep0,0.022,1119,VAE,0.07964132932838049
117,Q0.010,4.1579381929700405,rep0,0.022,1119,PCA,0.08480050882826741
118,Q0.010,4.1579381929700405,rep0,0.022,1119,RandomProjection,0.035668261492665866
119,Q0.010,4.1579381929700405,rep0,0.046,2339,VAE,0.058683182747392336
120,Q0.010,4.1579381929700405,rep0,0.046,2339,PCA,0.0700434004729209
121,Q0.010,4.1579381929700405,rep0,0.046,2339,RandomProjection,0.017282591252469278
122,Q0.010,4.1579381929700405,rep0,0.1,5086,VAE,0.07409653095104995
123,Q0.010,4.1579381929700405,rep0,0.1,5086,PCA,0.07595362296082421
124,Q0.010,4.1579381929700405,rep0,0.1,5086,RandomProjection,0.03868597173497955
125,Q0.010,4.1579381929700405,rep0,0.1,5086,nanoTxformer,0.0286458907584002
126,Q0.010,4.1579381929700405,rep0,0.215,10936,VAE,0.07159633370201554
127,Q0.010,4.1579381929700405,rep0,0.215,10936,PCA,0.06756944364464608
128,Q0.010,4.1579381929700405,rep0,0.215,10936,RandomProjection,0.04132941979965071
129,Q0.010,4.1579381929700405,rep0,0.464,23602,VAE,0.07091387092968737
130,Q0.010,4.1579381929700405,rep0,0.464,23602,PCA,0.05982944222205454
131,Q0.010,4.1579381929700405,rep0,0.464,23602,RandomProjection,0.02979352486542424
132,Q0.010,4.1579381929700405,rep0,1.0,50868,VAE,0.09134643891581791
133,Q0.010,4.1579381929700405,rep0,1.0,50868,PCA,0.06213625826195762
134,Q0.010,4.1579381929700405,rep0,1.0,50868,RandomProjection,0.046199569529699024
135,Q0.010,4.1579381929700405,rep0,1.0,50868,nanoTxformer,0.021153455030509232
136,Q0.022,8.971514508138712,rep0,0.001,50,VAE,0.10973087275253192
137,Q0.022,8.971514508138712,rep0,0.001,50,PCA,0.12557744688063152
138,Q0.022,8.971514508138712,rep0,0.001,50,RandomProjection,0.053003806794051665
139,Q0.022,8.971514508138712,rep0,0.001,50,nanoTxformer,0.037695142788809116
140,Q0.022,8.971514508138712,rep0,0.002,101,VAE,0.1185719522046782
141,Q0.022,8.971514508138712,rep0,0.002,101,PCA,0.1087213399936515
142,Q0.022,8.971514508138712,rep0,0.002,101,RandomProjection,0.02387669833185127
143,Q0.022,8.971514508138712,rep0,0.005,254,VAE,0.1739349967495139
144,Q0.022,8.971514508138712,rep0,0.005,254,PCA,0.1347682248935034
145,Q0.022,8.971514508138712,rep0,0.005,254,RandomProjection,0.04730173214248654
146,Q0.022,8.971514508138712,rep0,0.01,508,VAE,0.15403003269548549
147,Q0.022,8.971514508138712,rep0,0.01,508,PCA,0.12296245897655962
148,Q0.022,8.971514508138712,rep0,0.01,508,RandomProjection,0.030201674547968186
149,Q0.022,8.971514508138712,rep0,0.01,508,nanoTxformer,0.08535802906723197
150,Q0.022,8.971514508138712,rep0,0.022,1119,VAE,0.1519894540632067
151,Q0.022,8.971514508138712,rep0,0.022,1119,PCA,0.13012460556456817
152,Q0.022,8.971514508138712,rep0,0.022,1119,RandomProjection,0.07040091828835303
153,Q0.022,8.971514508138712,rep0,0.046,2339,VAE,0.17195096070369162
154,Q0.022,8.971514508138712,rep0,0.046,2339,PCA,0.13398009163069477
155,Q0.022,8.971514508138712,rep0,0.046,2339,RandomProjection,0.058032298575806406
156,Q0.022,8.971514508138712,rep0,0.1,5086,VAE,0.19578035875243413
157,Q0.022,8.971514508138712,rep0,0.1,5086,PCA,0.12787341759175286
158,Q0.022,8.971514508138712,rep0,0.1,5086,RandomProjection,0.08160467143733705
159,Q0.022,8.971514508138712,rep0,0.1,5086,nanoTxformer,0.026332415584784684
160,Q0.022,8.971514508138712,rep0,0.215,10936,VAE,0.22129575135119225
161,Q0.022,8.971514508138712,rep0,0.215,10936,PCA,0.12638898215593894
162,Q0.022,8.971514508138712,rep0,0.215,10936,RandomProjection,0.050402082321452636
163,Q0.022,8.971514508138712,rep0,0.464,23602,VAE,0.24238544423604919
164,Q0.022,8.971514508138712,rep0,0.464,23602,PCA,0.151380680300842
165,Q0.022,8.971514508138712,rep0,0.464,23602,RandomProjection,0.040017199446786285
166,Q0.022,8.971514508138712,rep0,1.0,50868,VAE,0.26423900199212774
167,Q0.022,8.971514508138712,rep0,1.0,50868,PCA,0.14986348709815445
168,Q0.022,8.971514508138712,rep0,1.0,50868,RandomProjection,0.04843106091309057
169,Q0.022,8.971514508138712,rep0,1.0,50868,nanoTxformer,0.05592171363762648
170,Q0.046,19.266749233309742,rep0,0.001,50,VAE,0.25077011066012034
171,Q0.046,19.266749233309742,rep0,0.001,50,PCA,0.22731223552713614
172,Q0.046,19.266749233309742,rep0,0.001,50,RandomProjection,0.08732475147879229
173,Q0.046,19.266749233309742,rep0,0.001,50,nanoTxformer,0.07904336400362627
174,Q0.046,19.266749233309742,rep0,0.002,101,VAE,0.17533060476644138
175,Q0.046,19.266749233309742,rep0,0.002,101,PCA,0.22136332826566163
176,Q0.046,19.266749233309742,rep0,0.002,101,RandomProjection,0.05316136242811315
177,Q0.046,19.266749233309742,rep0,0.005,254,VAE,0.2545854740190798
178,Q0.046,19.266749233309742,rep0,0.005,254,PCA,0.2559554705707936
179,Q0.046,19.266749233309742,rep0,0.005,254,RandomProjection,0.07562661224857449
180,Q0.046,19.266749233309742,rep0,0.01,508,VAE,0.27998662194784774
181,Q0.046,19.266749233309742,rep0,0.01,508,PCA,0.3019481976458938
182,Q0.046,19.266749233309742,rep0,0.01,508,RandomProjection,0.0360366887454836
183,Q0.046,19.266749233309742,rep0,0.01,508,nanoTxformer,0.08942433349467124
184,Q0.046,19.266749233309742,rep0,0.022,1119,VAE,0.2839331846972195
185,Q0.046,19.266749233309742,rep0,0.022,1119,PCA,0.2881386097254105
186,Q0.046,19.266749233309742,rep0,0.022,1119,RandomProjection,0.08714496394990415
187,Q0.046,19.266749233309742,rep0,0.046,2339,VAE,0.37497687417445363
188,Q0.046,19.266749233309742,rep0,0.046,2339,PCA,0.2863191461003547
189,Q0.046,19.266749233309742,rep0,0.046,2339,RandomProjection,0.0945666337413389
190,Q0.046,19.266749233309742,rep0,0.1,5086,VAE,0.3898927909808998
191,Q0.046,19.266749233309742,rep0,0.1,5086,PCA,0.2958327923474966
192,Q0.046,19.266749233309742,rep0,0.1,5086,RandomProjection,0.11529636013580226
193,Q0.046,19.266749233309742,rep0,0.1,5086,nanoTxformer,0.07102970771616438
194,Q0.046,19.266749233309742,rep0,0.215,10936,VAE,0.43879988477805415
195,Q0.046,19.266749233309742,rep0,0.215,10936,PCA,0.3263669217480423
196,Q0.046,19.266749233309742,rep0,0.215,10936,RandomProjection,0.10876853981267627
197,Q0.046,19.266749233309742,rep0,0.464,23602,VAE,0.4747523427128652
198,Q0.046,19.266749233309742,rep0,0.464,23602,PCA,0.3118400343475099
199,Q0.046,19.266749233309742,rep0,0.464,23602,RandomProjection,0.10967172129863685
200,Q0.046,19.266749233309742,rep0,1.0,50868,VAE,0.49467626609842963
201,Q0.046,19.266749233309742,rep0,1.0,50868,PCA,0.28841303119165457
202,Q0.046,19.266749233309742,rep0,1.0,50868,RandomProjection,0.05254116842095228
203,Q0.046,19.266749233309742,rep0,1.0,50868,nanoTxformer,0.06775719238673004
204,Q0.100,41.501179523472516,rep0,0.001,50,VAE,0.3974707483886561
205,Q0.100,41.501179523472516,rep0,0.001,50,PCA,0.43208292511028795
206,Q0.100,41.501179523472516,rep0,0.001,50,RandomProjection,0.10362553242296031
207,Q0.100,41.501179523472516,rep0,0.001,50,nanoTxformer,0.11137887793427996
208,Q0.100,41.501179523472516,rep0,0.002,101,VAE,0.37169125962512856
209,Q0.100,41.501179523472516,rep0,0.002,101,PCA,0.33955570304560717
210,Q0.100,41.501179523472516,rep0,0.002,101,RandomProjection,0.09174839874262929
211,Q0.100,41.501179523472516,rep0,0.005,254,VAE,0.4949916114441543
212,Q0.100,41.501179523472516,rep0,0.005,254,PCA,0.5507081551654825
213,Q0.100,41.501179523472516,rep0,0.005,254,RandomProjection,0.11055313971386907
214,Q0.100,41.501179523472516,rep0,0.01,508,VAE,0.5311286577914712
215,Q0.100,41.501179523472516,rep0,0.01,508,PCA,0.5458188409875383
216,Q0.100,41.501179523472516,rep0,0.01,508,RandomProjection,0.1200168430661306
217,Q0.100,41.501179523472516,rep0,0.01,508,nanoTxformer,0.1641649337816073
218,Q0.100,41.501179523472516,rep0,0.022,1119,VAE,0.609718270329971
219,Q0.100,41.501179523472516,rep0,0.022,1119,PCA,0.5679349960043255
220,Q0.100,41.501179523472516,rep0,0.022,1119,RandomProjection,0.14605476800193412
221,Q0.100,41.501179523472516,rep0,0.046,2339,VAE,0.7590873290620032
222,Q0.100,41.501179523472516,rep0,0.046,2339,PCA,0.5855267231683875
223,Q0.100,41.501179523472516,rep0,0.046,2339,RandomProjection,0.10855135164542534
224,Q0.100,41.501179523472516,rep0,0.1,5086,VAE,0.8509753611377752
225,Q0.100,41.501179523472516,rep0,0.1,5086,PCA,0.5999696159408086
226,Q0.100,41.501179523472516,rep0,0.1,5086,RandomProjection,0.16494997379286322
227,Q0.100,41.501179523472516,rep0,0.1,5086,nanoTxformer,0.14021271516560008
228,Q0.100,41.501179523472516,rep0,0.215,10936,VAE,0.8864162656709805
229,Q0.100,41.501179523472516,rep0,0.215,10936,PCA,0.6235434140080968
230,Q0.100,41.501179523472516,rep0,0.215,10936,RandomProjection,0.1653218456849431
231,Q0.100,41.501179523472516,rep0,0.464,23602,VAE,0.9911496750190044
232,Q0.100,41.501179523472516,rep0,0.464,23602,PCA,0.6183875407372303
233,Q0.100,41.501179523472516,rep0,0.464,23602,RandomProjection,0.14533717646366134
234,Q0.100,41.501179523472516,rep0,1.0,50868,VAE,1.0237545810952429
235,Q0.100,41.501179523472516,rep0,1.0,50868,PCA,0.6312807622505895
236,Q0.100,41.501179523472516,rep0,1.0,50868,RandomProjection,0.14333239628378527
237,Q0.100,41.501179523472516,rep0,1.0,50868,nanoTxformer,0.13471003622629316
238,Q0.215,89.42716442557207,rep0,0.001,50,VAE,0.6370985389660401
239,Q0.215,89.42716442557207,rep0,0.001,50,PCA,0.6038008125963373
240,Q0.215,89.42716442557207,rep0,0.001,50,RandomProjection,0.16653003042595751
241,Q0.215,89.42716442557207,rep0,0.001,50,nanoTxformer,0.17554896039338286
242,Q0.215,89.42716442557207,rep0,0.002,101,VAE,0.8171454139648681
243,Q0.215,89.42716442557207,rep0,0.002,101,PCA,0.7880244077327674
244,Q0.215,89.42716442557207,rep0,0.002,101,RandomProjection,0.15934698896991847
245,Q0.215,89.42716442557207,rep0,0.005,254,VAE,0.8374156098406714
246,Q0.215,89.42716442557207,rep0,0.005,254,PCA,0.9160146636598989
247,Q0.215,89.42716442557207,rep0,0.005,254,RandomProjection,0.1665001560891996
248,Q0.215,89.42716442557207,rep0,0.01,508,VAE,0.9992158615738067
249,Q0.215,89.42716442557207,rep0,0.01,508,PCA,1.000686154431194
250,Q0.215,89.42716442557207,rep0,0.01,508,RandomProjection,0.15205006935829304
251,Q0.215,89.42716442557207,rep0,0.01,508,nanoTxformer,0.2103112603038887
252,Q0.215,89.42716442557207,rep0,0.022,1119,VAE,1.0975382802685
253,Q0.215,89.42716442557207,rep0,0.022,1119,PCA,1.017416473442799
254,Q0.215,89.42716442557207,rep0,0.022,1119,RandomProjection,0.24295468730340347
255,Q0.215,89.42716442557207,rep0,0.046,2339,VAE,1.2150207995462696
256,Q0.215,89.42716442557207,rep0,0.046,2339,PCA,1.0814620275009421
257,Q0.215,89.42716442557207,rep0,0.046,2339,RandomProjection,0.15511870198987415
258,Q0.215,89.42716442557207,rep0,0.1,5086,VAE,1.3184926043454066
259,Q0.215,89.42716442557207,rep0,0.1,5086,PCA,1.091312635851416
260,Q0.215,89.42716442557207,rep0,0.1,5086,RandomProjection,0.235220680252819
261,Q0.215,89.42716442557207,rep0,0.1,5086,nanoTxformer,0.16870366883138063
262,Q0.215,89.42716442557207,rep0,0.215,10936,VAE,1.4106350121142446
263,Q0.215,89.42716442557207,rep0,0.215,10936,PCA,1.0711015697379276
264,Q0.215,89.42716442557207,rep0,0.215,10936,RandomProjection,0.2533471857961151
265,Q0.215,89.42716442557207,rep0,0.464,23602,VAE,1.5409672806826198
266,Q0.215,89.42716442557207,rep0,0.464,23602,PCA,1.1069577620920243
267,Q0.215,89.42716442557207,rep0,0.464,23602,RandomProjection,0.1940594022602552
268,Q0.215,89.42716442557207,rep0,1.0,50868,VAE,1.550878772803906
269,Q0.215,89.42716442557207,rep0,1.0,50868,PCA,1.1251635433532878
270,Q0.215,89.42716442557207,rep0,1.0,50868,RandomProjection,0.22489582969707128
271,Q0.215,89.42716442557207,rep0,1.0,50868,nanoTxformer,0.20496791577409082
272,Q0.464,192.59082330738383,rep0,0.001,50,VAE,0.8373019570798389
273,Q0.464,192.59082330738383,rep0,0.001,50,PCA,0.9296282036170134
274,Q0.464,192.59082330738383,rep0,0.001,50,RandomProjection,0.30449383185518547
275,Q0.464,192.59082330738383,rep0,0.001,50,nanoTxformer,0.30539910152513916
276,Q0.464,192.59082330738383,rep0,0.002,101,VAE,1.1096723725289024
277,Q0.464,192.59082330738383,rep0,0.002,101,PCA,1.286501884089633
278,Q0.464,192.59082330738383,rep0,0.002,101,RandomProjection,0.2509597793188528
279,Q0.464,192.59082330738383,rep0,0.005,254,VAE,1.3727821903345105
280,Q0.464,192.59082330738383,rep0,0.005,254,PCA,1.38568278251942
281,Q0.464,192.59082330738383,rep0,0.005,254,RandomProjection,0.253814682102708
282,Q0.464,192.59082330738383,rep0,0.01,508,VAE,1.439599384488434
283,Q0.464,192.59082330738383,rep0,0.01,508,PCA,1.4606324931486216
284,Q0.464,192.59082330738383,rep0,0.01,508,RandomProjection,0.24326924688556195
285,Q0.464,192.59082330738383,rep0,0.01,508,nanoTxformer,0.2365420434290013
286,Q0.464,192.59082330738383,rep0,0.022,1119,VAE,1.5569803279231125
287,Q0.464,192.59082330738383,rep0,0.022,1119,PCA,1.5308692937521853
288,Q0.464,192.59082330738383,rep0,0.022,1119,RandomProjection,0.3458380800796396
289,Q0.464,192.59082330738383,rep0,0.046,2339,VAE,1.671483827340411
290,Q0.464,192.59082330738383,rep0,0.046,2339,PCA,1.5071728311259152
291,Q0.464,192.59082330738383,rep0,0.046,2339,RandomProjection,0.2372549245303392
292,Q0.464,192.59082330738383,rep0,0.1,5086,VAE,1.8346795005488645
293,Q0.464,192.59082330738383,rep0,0.1,5086,PCA,1.6020768961321188
294,Q0.464,192.59082330738383,rep0,0.1,5086,RandomProjection,0.3669804333485657
295,Q0.464,192.59082330738383,rep0,0.1,5086,nanoTxformer,0.3298084101388312
296,Q0.464,192.59082330738383,rep0,0.215,10936,VAE,1.8914242025594894
297,Q0.464,192.59082330738383,rep0,0.215,10936,PCA,1.5802691888661493
298,Q0.464,192.59082330738383,rep0,0.215,10936,RandomProjection,0.37208920126938494
299,Q0.464,192.59082330738383,rep0,0.464,23602,VAE,1.9783756086915787
300,Q0.464,192.59082330738383,rep0,0.464,23602,PCA,1.5957981473067713
301,Q0.464,192.59082330738383,rep0,0.464,23602,RandomProjection,0.2601333001246296
302,Q0.464,192.59082330738383,rep0,1.0,50868,VAE,2.030083473203929
303,Q0.464,192.59082330738383,rep0,1.0,50868,PCA,1.5397635717602214
304,Q0.464,192.59082330738383,rep0,1.0,50868,RandomProjection,0.3310501454042666
305,Q0.464,192.59082330738383,rep0,1.0,50868,nanoTxformer,0.24257295083104394
306,Q1.000,352.97879849705174,rep0,0.001,50,VAE,1.1749108994653616
307,Q1.000,352.97879849705174,rep0,0.001,50,PCA,1.2306978007401337
308,Q1.000,352.97879849705174,rep0,0.001,50,RandomProjection,0.4297905287644266
309,Q1.000,352.97879849705174,rep0,0.001,50,nanoTxformer,0.311197268587887
310,Q1.000,352.97879849705174,rep0,0.002,101,VAE,1.4279055833411107
311,Q1.000,352.97879849705174,rep0,0.002,101,PCA,1.6256295745248948
312,Q1.000,352.97879849705174,rep0,0.002,101,RandomProjection,0.39597016061181883
313,Q1.000,352.97879849705174,rep0,0.005,254,VAE,1.6767108835447713
314,Q1.000,352.97879849705174,rep0,0.005,254,PCA,1.7912684329267565
315,Q1.000,352.97879849705174,rep0,0.005,254,RandomProjection,0.36885897799511114
316,Q1.000,352.97879849705174,rep0,0.01,508,VAE,1.7974279466360108
317,Q1.000,352.97879849705174,rep0,0.01,508,PCA,1.8029034044768775
318,Q1.000,352.97879849705174,rep0,0.01,508,RandomProjection,0.369936822973692
319,Q1.000,352.97879849705174,rep0,0.01,508,nanoTxformer,0.24475324287436148
320,Q1.000,352.97879849705174,rep0,0.022,1119,VAE,1.87157491505222
321,Q1.000,352.97879849705174,rep0,0.022,1119,PCA,1.9123971167939333
322,Q1.000,352.97879849705174,rep0,0.022,1119,RandomProjection,0.5129032845923199
323,Q1.000,352.97879849705174,rep0,0.046,2339,VAE,2.0885438957180025
324,Q1.000,352.97879849705174,rep0,0.046,2339,PCA,1.8493836606064806
325,Q1.000,352.97879849705174,rep0,0.046,2339,RandomProjection,0.3385616091370582
326,Q1.000,352.97879849705174,rep0,0.1,5086,VAE,2.1313513639873976
327,Q1.000,352.97879849705174,rep0,0.1,5086,PCA,1.9237106352196285
328,Q1.000,352.97879849705174,rep0,0.1,5086,RandomProjection,0.5744620471927817
329,Q1.000,352.97879849705174,rep0,0.1,5086,nanoTxformer,0.2922247909897883
330,Q1.000,352.97879849705174,rep0,0.215,10936,VAE,2.2108233034743447
331,Q1.000,352.97879849705174,rep0,0.215,10936,PCA,1.8296649463293224
332,Q1.000,352.97879849705174,rep0,0.215,10936,RandomProjection,0.4745745041901098
333,Q1.000,352.97879849705174,rep0,0.464,23602,VAE,2.3652456198454286
334,Q1.000,352.97879849705174,rep0,0.464,23602,PCA,1.8945954050638247
335,Q1.000,352.97879849705174,rep0,0.464,23602,RandomProjection,0.4391633982007405
336,Q1.000,352.97879849705174,rep0,1.0,50868,VAE,2.4119936332995824
337,Q1.000,352.97879849705174,rep0,1.0,50868,PCA,1.9299655934248225
338,Q1.000,352.97879849705174,rep0,1.0,50868,RandomProjection,0.4759879039001195
339,Q1.000,352.97879849705174,rep0,1.0,50868,nanoTxformer,0.3179399798149084
